vtex.admin,4.51.1
vtex.admin-account-details,1.0.1
vtex.admin-apps,4.3.0
vtex.admin-audit,2.9.0
vtex.admin-binding,0.28.0
vtex.admin-cms,1.17.7
vtex.admin-collections,0.164.0
vtex.admin-coupons,0.3.5
vtex.admin-docs,0.5.2
vtex.admin-home,3.9.1
vtex.admin-insights,4.6.1
vtex.admin-inventory,0.50.0
vtex.admin-login,1.25.1
vtex.admin-logistics,1.43.0
vtex.admin-offer-quality,0.4.3
vtex.admin-orders,0.146.1
vtex.admin-pages,4.51.2
vtex.admin-pickup-points,2.14.1
vtex.admin-pricing-settings,1.7.0
vtex.admin-promotions,1.6.4
vtex.admin-sales-performance,1.4.3
vtex.admin-sellers,1.5.5
vtex.admin-sku-binding,0.6.0
vtex.admin-sponsor,1.1.0
vtex.admin-suggestions,2.37.1
vtex.admin-users,1.17.1
vtex.admin-vendor-invite,0.13.0
vtex.admin-wallet-hub,0.3.0
vtex.app-install-monitor,0.1.1
vtex.asset-server,0.15.5
vtex.audit-io,0.1.4
vtex.auth-admin,3.63.0
vtex.auth-server,0.18.0
vtex.billing,0.24.1
vtex.broadcaster,0.9.0
vtex.builder-hub,0.293.4
vtex.cartman,0.3.1
vtex.checkout,2.9.2-hkignore.europe
vtex.client-admin-settings,0.9.1
vtex.colossus-legacy-proxy,2.3.5
vtex.developer-docs-integration,0.5.6
vtex.dotnet-messenger-sender,0.1.7
vtex.evolution-manager-graphql,0.15.3
vtex.file-manager,0.11.0
vtex.frontend-metrics-gateway,0.7.0
vtex.google-pay,1.2.1
vtex.invoice-notifier,0.8.2
vtex.marketplace-network,0.25.6
vtex.messages-templates,0.10.1
vtex.messenger-core,0.1.9
vtex.mkp-category-mapper-ui,1.21.0
vtex.my-account,1.27.0
vtex.my-authentication,1.7.0
vtex.myuser-io,2.19.2
vtex.notification-generator,0.6.2
vtex.omnishipping,1.15.4-hkignore.hotpointqa-0
vtex.order-auth,1.8.1
vtex.orders-broadcast,0.3.2
vtex.pix-payment,0.12.2
vtex.promotions-simulator,0.3.0
vtex.request-capture,2.3.0
vtex.reverse-registry,0.6.14
vtex.rewriter,1.57.3
vtex.sales-performance-graphql,0.8.1
vtex.seller-provisioner,0.2.1
vtex.seller-welcome,0.3.2
vtex.shipping-preview,0.14.1
vtex.sms-messenger-sender,0.1.0
vtex.smtp-messenger-sender,0.1.0
vtex.sno,0.0.3
vtex.sse-server,0.3.3
vtex.store,2.131.1
vtex.store-sitemap,2.15.0
vtex.support-center,1.3.0
vtex.toolbelt-telemetry,0.1.3
vtex.transform-handlebars-email,0.1.12
vtex.transform-handlebars-sms,0.1.4
vtex.transform-render-email,0.1.7
vtex.transform-render-sms,0.1.7
vtex.workspace-analytics,0.1.7
adyen.payment-provider-v3,2.19.20
hotpointukqa.add-to-cart-custom,0.2.3
hotpointukqa.analytics,0.1.6
hotpointukqa.analytics-wrapper-component,0.1.3
hotpointukqa.api-wrapper,0.2.1
hotpointukqa.awarded-logos,0.0.3
hotpointukqa.back-in-stock-service,0.0.7
hotpointukqa.billing-address,0.0.15
hotpointukqa.bom-page,0.0.10
hotpointukqa.bom-redirect,0.0.10
hotpointukqa.bredcrumbs,0.1.3
hotpointukqa.carousel-salesforce,0.0.3
hotpointukqa.catalog-export,0.2.1
hotpointukqa.catalog-filter-label,0.1.4
hotpointukqa.category-videos,0.0.3
hotpointukqa.checkout-container-custom,0.2.15
hotpointukqa.checkout-hdx-delivery-slots-uk,0.0.19
hotpointukqa.checkout-shipping-summary,0.0.10
hotpointukqa.checkout-v6-ptv-uk,0.1.9
hotpointukqa.checkout-v6-tradeplace-delivery-uk,1.0.5
hotpointukqa.condition-layout,0.0.3
hotpointukqa.conditional-login,0.0.3
hotpointukqa.custom-additional-services,0.0.8
hotpointukqa.custom-bazaarvoice-whirlpool,0.0.1
hotpointukqa.custom-datetime,0.0.6
hotpointukqa.custom-form,0.0.18
hotpointukqa.custom-phone-number-uk,0.0.2
hotpointukqa.custom-products-list,0.0.4
hotpointukqa.custom-search,0.0.6
hotpointukqa.discontinued-products,0.0.5
hotpointukqa.domande-frequenti,0.1.18
hotpointukqa.dropdown,0.0.4
hotpointukqa.dropdown-show-images,0.0.3
hotpointukqa.fast-est-pdp,0.0.4
hotpointukqa.flixmedia-whl,0.0.4
hotpointukqa.genesys,0.1.4
hotpointukqa.gtm-whirlpool,0.1.6
hotpointukqa.hdx-connector,1.0.14
hotpointukqa.head-json-component,0.0.5
hotpointukqa.hotpoint-b2c-uk,0.0.13
hotpointukqa.hotpoint-theme,7.0.2
hotpointukqa.hreflang-home-component,0.0.5
hotpointukqa.infinity-tracking,0.0.3
hotpointukqa.inject-title-tag,0.0.2
hotpointukqa.key-features,0.1.1
hotpointukqa.lead-time,0.1.1
hotpointukqa.models,0.0.8
hotpointukqa.new-relic,0.0.1
hotpointukqa.obsolete-product-banner,0.0.13
hotpointukqa.order-placed,0.1.3
hotpointukqa.out-of-stock-products,0.0.8
hotpointukqa.pdp-query-with-modal,0.0.2
hotpointukqa.pdp-structured-data,0.1.3
hotpointukqa.plp-structured-data,0.0.2
hotpointukqa.popup-custom,0.3.0
hotpointukqa.print-specification,0.0.1
hotpointukqa.product-image,0.0.5
hotpointukqa.product-specifications-with-rules,1.0.15
hotpointukqa.promo-countdown,0.0.1
hotpointukqa.purchase-context,0.0.7
hotpointukqa.read-more,0.1.2
hotpointukqa.reevoo,0.0.8
hotpointukqa.reevoo-snippets,1.0.1
hotpointukqa.search-bar-custom,0.0.2
hotpointukqa.servizi-aggiuntivi-pdp,1.0.14
hotpointukqa.share-button,0.1.1
hotpointukqa.show-more,0.0.4
hotpointukqa.slider-layout,0.0.1
hotpointukqa.video-player-thron-pdp,0.0.49
hotpointukqa.visibility-layout,0.0.7
hotpointukqa.warehouse-syncher,0.0.7
hotpointukqa.where-to-buy,0.0.40
hotpointukqa.youreko,0.0.26
hotpointukqa.youreko-settings,0.0.30
vtex.admin-defense-mode,0.4.2
vtex.admin-graphql-ide,3.7.0
vtex.admin-payment-affiliations,0.1.1
vtex.admin-search,1.70.2
vtex.admin-v4-docs,0.2.0
vtex.admin-webpage-performance,0.1.1
vtex.apple-pay,1.1.4
vtex.checkout-ui-custom,0.12.7
vtex.checkout-ui-settings-server,0.4.2-hkignore.europe-0
vtex.lengow,0.1.16
vtex.partytown,1.0.1-beta.0
vtex.payment-provider-test-suite,4.1.1
vtex.provider-manager-installer,0.2.0
vtex.reviews-and-ratings,3.13.1
vtex.search-resolver,1.65.1
vtex.wish-list,1.16.0
vtexeurope.checkout-v6-terms-conditions,1.0.1
vtexeurope.hide-cancellation-request,1.2.0
whirlpoolemea.black-friday-registration-form,0.0.9
whirlpoolemea.cookie-table,1.0.11
whirlpoolemea.crm-async-integration,0.3.14
whirlpoolemea.crm-profiling,0.0.1
whirlpoolemea.faq,0.0.2
whirlpoolemea.google-tag-manager,2.2.31
whirlpoolemea.helmet-custom-app,1.0.4
whirlpoolemea.image-from-specification,1.0.0
whirlpoolemea.import-widget-from-sandwatch,2.4.7
whirlpoolemea.login-custom-flow,1.1.13
whirlpoolemea.newsletter-custom-app,0.0.9
whirlpoolemea.order-reservation-handler,1.0.3
whirlpoolemea.page-rewriter,1.0.3
whirlpoolemea.paypal-app,1.0.6
whirlpoolemea.pixel-my-account-app,1.1.1
whirlpoolemea.product-specifications-with-images,2.0.3
whirlpoolemea.remote-html-embed,3.0.0
whirlpoolemea.sfmc-integration,2.1.13-beta.1
whirlpoolemea.store-link-custom,1.1.12
whirlpoolemea.stripe-custom,0.0.5
whirlpoolemea.timer-component,0.0.4
whirlpoolemea.worldpay-connector,1.0.5
whirlpoolemea.worldpay-payment-app,1.0.1
